File,Line,Sentiment,SentimentScore.Mixed,SentimentScore.Negative,SentimentScore.Neutral,SentimentScore.Positive
final_cleaned_google_news_final.csv,2,NEUTRAL,4.079601239936892e-06,0.02554393745958805,0.9653922319412231,0.009059753268957138
final_cleaned_google_news_final.csv,4,NEUTRAL,8.190345397451892e-06,0.040790852159261703,0.937761127948761,0.02143983729183674
final_cleaned_google_news_final.csv,5,NEUTRAL,3.167533577652648e-06,0.016941003501415253,0.9799470901489258,0.0031087533570826054
final_cleaned_google_news_final.csv,6,NEUTRAL,5.969257017568452e-06,0.08911120891571045,0.9056525826454163,0.0052303047850728035
final_cleaned_google_news_final.csv,7,NEUTRAL,4.477230049815262e-06,0.03060702607035637,0.9633992314338684,0.005989262368530035
final_cleaned_google_news_final.csv,15,NEUTRAL,4.092977633263217e-06,0.04457898065447807,0.9493857026100159,0.00603123614564538
final_cleaned_google_news_final.csv,16,NEUTRAL,3.827872205874883e-06,0.029722079634666443,0.9663686156272888,0.003905481891706586
final_cleaned_google_news_final.csv,17,NEUTRAL,7.84723033575574e-06,0.050567448139190674,0.9267773032188416,0.022647405043244362
final_cleaned_google_news_final.csv,18,NEUTRAL,5.062482614448527e-06,0.028772836551070213,0.9647749066352844,0.006447157356888056
final_cleaned_google_news_final.csv,19,NEUTRAL,4.793307198269758e-06,0.044693607836961746,0.9463757872581482,0.008925819769501686
final_cleaned_google_news_final.csv,21,NEUTRAL,3.69299300473358e-06,0.022556137293577194,0.9746296405792236,0.002810488920658827
final_cleaned_google_news_final.csv,24,NEUTRAL,6.477160695794737e-06,0.03369220718741417,0.9458515644073486,0.02044982649385929
final_cleaned_google_news_final.csv,26,NEUTRAL,9.378153663419653e-06,0.08968603610992432,0.8868247270584106,0.02347986027598381
final_cleaned_google_news_final.csv,28,NEUTRAL,9.438032066100277e-06,0.17393839359283447,0.8188578486442566,0.007194282487034798
final_cleaned_google_news_final.csv,30,NEUTRAL,7.84723033575574e-06,0.050567448139190674,0.9267773032188416,0.022647405043244362
final_cleaned_google_news_final.csv,31,NEUTRAL,6.278322871366981e-06,0.027308009564876556,0.951361894607544,0.021323807537555695
final_cleaned_google_news_final.csv,32,NEUTRAL,6.796417437726632e-06,0.06634798645973206,0.9220954775810242,0.011549696326255798
final_cleaned_google_news_final.csv,36,NEUTRAL,4.909519248030847e-06,0.016195060685276985,0.9652062058448792,0.01859384775161743
final_cleaned_google_news_final.csv,43,NEUTRAL,5.034211426391266e-06,0.04909025877714157,0.9426711201667786,0.008233528584241867
final_cleaned_google_news_final.csv,44,NEUTRAL,8.281397640530486e-06,0.2947966456413269,0.6967218518257141,0.008473202586174011
final_cleaned_google_news_final.csv,45,NEUTRAL,7.325736987695564e-06,0.021924877539277077,0.9664936065673828,0.011574099771678448
final_cleaned_google_news_final.csv,48,NEUTRAL,4.4518733375298325e-06,0.027128882706165314,0.9588058590888977,0.014060761779546738
final_cleaned_google_news_final.csv,53,NEUTRAL,3.2756711334513966e-06,0.008049153722822666,0.9863059520721436,0.005641578696668148
final_cleaned_google_news_final.csv,56,NEUTRAL,6.747803126927465e-06,0.05797221511602402,0.9270487427711487,0.014972355216741562
final_cleaned_google_news_final.csv,57,NEUTRAL,5.234914624452358e-06,0.131864994764328,0.8658852577209473,0.0022445081267505884
final_cleaned_google_news_final.csv,60,NEUTRAL,1.3766524716629647e-05,0.05331278219819069,0.9094420671463013,0.037231430411338806
final_cleaned_google_news_final.csv,62,NEUTRAL,3.576181370590348e-06,0.014202965423464775,0.9791060090065002,0.006687453016638756
final_cleaned_google_news_final.csv,63,NEUTRAL,3.8065174976509297e-06,0.020409613847732544,0.9712542295455933,0.008332340978085995
final_cleaned_google_news_final.csv,65,NEUTRAL,8.470161446894053e-06,0.08047334849834442,0.9076630473136902,0.01185518316924572
final_cleaned_google_news_final.csv,70,NEUTRAL,2.6439377052156487e-06,0.020174620673060417,0.9773619771003723,0.0024607726372778416
final_cleaned_google_news_final.csv,71,NEUTRAL,3.2756711334513966e-06,0.008049153722822666,0.9863059520721436,0.005641578696668148
final_cleaned_google_news_final.csv,73,NEUTRAL,7.824849490134511e-06,0.08424415439367294,0.904789924621582,0.010957985185086727
final_cleaned_google_news_final.csv,1,NEUTRAL,7.004429335211171e-06,0.29360318183898926,0.7023711800575256,0.004018614999949932
final_cleaned_google_news_final.csv,9,NEUTRAL,4.0799632188281976e-06,0.04292383790016174,0.953732967376709,0.003339051501825452
final_cleaned_google_news_final.csv,12,NEUTRAL,4.750424977828516e-06,0.04269744083285332,0.9527773261070251,0.0045204441994428635
final_cleaned_google_news_final.csv,22,NEUTRAL,8.702369086677209e-06,0.08204127103090286,0.8961884379386902,0.02176162600517273
final_cleaned_google_news_final.csv,23,NEUTRAL,1.1109249498986173e-05,0.17734295129776,0.8044714331626892,0.018174462020397186
final_cleaned_google_news_final.csv,27,NEUTRAL,1.2380813132040203e-05,0.4144149422645569,0.5743182301521301,0.011254447512328625
final_cleaned_google_news_final.csv,33,NEUTRAL,7.73908232076792e-06,0.16836676001548767,0.8222643136978149,0.009361233562231064
final_cleaned_google_news_final.csv,34,NEUTRAL,4.7541784624627326e-06,0.02645937167108059,0.9656140804290771,0.007921795360744
final_cleaned_google_news_final.csv,35,NEUTRAL,8.599670763942413e-06,0.09142803400754929,0.8946393132209778,0.01392404269427061
final_cleaned_google_news_final.csv,37,NEUTRAL,7.84965686762007e-06,0.03694496676325798,0.9473069906234741,0.015740159898996353
final_cleaned_google_news_final.csv,39,NEUTRAL,8.24976359581342e-06,0.3813849687576294,0.6147980093955994,0.0038087074644863605
final_cleaned_google_news_final.csv,40,NEUTRAL,4.476310277823359e-05,0.07545372098684311,0.8240343332290649,0.10046710819005966
final_cleaned_google_news_final.csv,46,NEGATIVE,8.279100256913807e-06,0.5654814839363098,0.4320993721485138,0.0024108379147946835
final_cleaned_google_news_final.csv,49,NEUTRAL,9.787151611817535e-06,0.06207849830389023,0.9050277471542358,0.0328839085996151
final_cleaned_google_news_final.csv,51,NEUTRAL,1.1667789294733666e-05,0.2297181487083435,0.747576892375946,0.02269330620765686
final_cleaned_google_news_final.csv,52,NEUTRAL,9.90198168437928e-06,0.09481914341449738,0.8799899220466614,0.025181014090776443
final_cleaned_google_news_final.csv,55,NEUTRAL,5.268212589726318e-06,0.043221451342105865,0.9465377926826477,0.010235454887151718
final_cleaned_google_news_final.csv,58,NEUTRAL,9.464957656746265e-06,0.1888972520828247,0.7941792607307434,0.016914013773202896
final_cleaned_google_news_final.csv,64,NEUTRAL,9.436394066142384e-06,0.17359088361263275,0.8150977492332458,0.011301885358989239
final_cleaned_google_news_final.csv,66,NEUTRAL,5.179560048418352e-06,0.03082512505352497,0.9619825482368469,0.007187196519225836
final_cleaned_google_news_final.csv,68,NEUTRAL,5.861454610567307e-06,0.08732204139232635,0.905350387096405,0.007321741431951523
final_cleaned_google_news_final.csv,72,NEUTRAL,1.580675416334998e-05,0.09882624447345734,0.8617591857910156,0.03939874842762947
final_cleaned_google_news_final.csv,78,NEUTRAL,1.4246001228457317e-05,0.33886441588401794,0.6425676345825195,0.01855372078716755
final_cleaned_google_news_final.csv,79,NEUTRAL,9.132454579230398e-06,0.10706711560487747,0.8617191314697266,0.031204622238874435
final_cleaned_google_news_final.csv,82,NEUTRAL,1.5502253518207e-05,0.10771062970161438,0.8593023419380188,0.03297160938382149
final_cleaned_google_news_final.csv,83,NEUTRAL,1.1176091902598273e-05,0.2181786149740219,0.772236704826355,0.009573505260050297
final_cleaned_google_news_final.csv,86,NEUTRAL,4.116092895856127e-06,0.0334659144282341,0.9622794985771179,0.004250432830303907
final_cleaned_google_news_final.csv,87,NEUTRAL,5.322382094163913e-06,0.05118921399116516,0.9417420625686646,0.007063412107527256
final_cleaned_google_news_final.csv,89,NEUTRAL,4.18781564803794e-06,0.03150637820363045,0.9602518081665039,0.008237633854150772
final_cleaned_google_news_final.csv,94,NEUTRAL,1.8434335288475268e-05,0.06708668172359467,0.8796493411064148,0.053245529532432556
final_cleaned_google_news_final.csv,99,NEUTRAL,1.059679652826162e-05,0.109645776450634,0.8662396669387817,0.02410394325852394
final_cleaned_google_news_final.csv,104,NEUTRAL,3.9502781874034554e-05,0.3666103482246399,0.6023926734924316,0.030957479029893875
final_cleaned_google_news_final.csv,3,NEUTRAL,9.09938353288453e-06,0.2927020490169525,0.693571925163269,0.013717000372707844
final_cleaned_google_news_final.csv,8,NEUTRAL,2.2224465283215977e-05,0.21584297716617584,0.7456346750259399,0.038500119000673294
final_cleaned_google_news_final.csv,10,NEUTRAL,4.240015186951496e-05,0.3162195682525635,0.6260692477226257,0.05766883119940758
final_cleaned_google_news_final.csv,11,NEUTRAL,1.29608497445588e-05,0.15637896955013275,0.8252277970314026,0.01838024891912937
final_cleaned_google_news_final.csv,13,NEUTRAL,9.754814527695999e-05,0.35545048117637634,0.5934768915176392,0.0509750172495842
final_cleaned_google_news_final.csv,25,NEUTRAL,1.0819157978403382e-05,0.10596800595521927,0.8660517334938049,0.02796940505504608
final_cleaned_google_news_final.csv,42,NEGATIVE,2.055424192803912e-05,0.5001357197761536,0.47222697734832764,0.02761678397655487
final_cleaned_google_news_final.csv,77,NEUTRAL,1.1209055628569331e-05,0.17380362749099731,0.815839946269989,0.01034522708505392
final_cleaned_google_news_final.csv,81,NEUTRAL,8.842407623887993e-06,0.07530420273542404,0.9138419032096863,0.010845026932656765
final_cleaned_google_news_final.csv,91,NEUTRAL,1.2030584002786782e-05,0.20592942833900452,0.77447509765625,0.019583411514759064
final_cleaned_google_news_final.csv,101,NEUTRAL,2.0195320757920854e-05,0.28354981541633606,0.6846743822097778,0.03175564110279083
final_cleaned_google_news_final.csv,102,NEUTRAL,1.0922408364422154e-05,0.3995245695114136,0.5903365612030029,0.010128012858331203
final_cleaned_google_news_final.csv,105,NEUTRAL,3.4235595194331836e-06,0.01823393628001213,0.9785763621330261,0.003186347894370556
final_cleaned_google_news_final.csv,107,NEUTRAL,1.4264749552239664e-05,0.16733576357364655,0.806047260761261,0.02660279907286167
final_cleaned_google_news_final.csv,108,NEUTRAL,9.023085112858098e-06,0.13071002066135406,0.8541505932807922,0.015130343846976757
final_cleaned_google_news_final.csv,110,NEUTRAL,1.4528344763675705e-05,0.12570074200630188,0.8419214487075806,0.03236324340105057
final_cleaned_google_news_final.csv,113,NEUTRAL,1.7842898159869947e-05,0.1476493775844574,0.8022948503494263,0.0500379279255867
final_cleaned_google_news_final.csv,116,NEUTRAL,8.172557500074618e-06,0.07177165150642395,0.900748074054718,0.027472153306007385
final_cleaned_google_news_final.csv,118,NEUTRAL,1.0538941751292441e-05,0.23650239408016205,0.7510930299758911,0.012394010089337826
final_cleaned_google_news_final.csv,124,NEUTRAL,2.428850893920753e-05,0.12135177850723267,0.8216744661331177,0.056949470192193985
final_cleaned_google_news_final.csv,127,NEUTRAL,1.6765827240305953e-05,0.12426905333995819,0.8377304673194885,0.03798368200659752
final_cleaned_google_news_final.csv,129,NEUTRAL,7.810948773112614e-06,0.095857173204422,0.8884289860725403,0.015705963596701622
final_cleaned_google_news_final.csv,131,NEUTRAL,7.810948773112614e-06,0.095857173204422,0.8884289860725403,0.015705963596701622
final_cleaned_google_news_final.csv,133,NEUTRAL,1.2377322491374798e-05,0.26190099120140076,0.7194559574127197,0.01863075979053974
final_cleaned_google_news_final.csv,141,NEUTRAL,7.144491519284202e-06,0.1059134230017662,0.8824917078018188,0.011587651446461678
final_cleaned_google_news_final.csv,145,NEUTRAL,2.4738603315199725e-05,0.12857021391391754,0.7898556590080261,0.08154937624931335
final_cleaned_google_news_final.csv,149,NEUTRAL,7.482170531147858e-06,0.04842753708362579,0.9403492212295532,0.011215697973966599
final_cleaned_google_news_final.csv,150,NEUTRAL,8.907741175789852e-06,0.2270149439573288,0.7664047479629517,0.006571440026164055
final_cleaned_google_news_final.csv,151,NEUTRAL,8.907741175789852e-06,0.2270149439573288,0.7664047479629517,0.006571440026164055
final_cleaned_google_news_final.csv,155,NEUTRAL,7.4480835792201106e-06,0.10457418859004974,0.8836948871612549,0.011723432689905167
final_cleaned_google_news_final.csv,159,NEGATIVE,1.3446067896438763e-05,0.5678157806396484,0.4225366711616516,0.009634188376367092
final_cleaned_google_news_final.csv,161,NEUTRAL,1.127507221099222e-05,0.0693453699350357,0.9063271880149841,0.024316271767020226
final_cleaned_google_news_final.csv,74,NEUTRAL,8.454136150248814e-06,0.1753634661436081,0.8161217570304871,0.008506284095346928
final_cleaned_google_news_final.csv,76,NEUTRAL,3.892312179232249e-06,0.03360212594270706,0.9598448276519775,0.0065491036511957645
final_cleaned_google_news_final.csv,80,NEUTRAL,3.5326720535522327e-06,0.024201679974794388,0.9701388478279114,0.005655896384268999
final_cleaned_google_news_final.csv,84,NEUTRAL,2.742592414506362e-06,0.008389691822230816,0.9896562099456787,0.0019513929728418589
final_cleaned_google_news_final.csv,85,NEUTRAL,4.509295649768319e-06,0.0324338898062706,0.9601752758026123,0.007386346347630024
final_cleaned_google_news_final.csv,88,NEUTRAL,4.193893801129889e-06,0.04412803053855896,0.9496482014656067,0.006219581700861454
final_cleaned_google_news_final.csv,90,NEUTRAL,1.1787617040681653e-05,0.06773893535137177,0.8988049030303955,0.0334443561732769
final_cleaned_google_news_final.csv,92,NEUTRAL,4.052277290611528e-06,0.039110612124204636,0.9525098204612732,0.008375461213290691
final_cleaned_google_news_final.csv,95,NEUTRAL,4.621207608579425e-06,0.03652919828891754,0.9514809250831604,0.011985233053565025
final_cleaned_google_news_final.csv,96,NEUTRAL,7.793939403200056e-06,0.35185620188713074,0.6421661376953125,0.0059698293916881084
final_cleaned_google_news_final.csv,97,NEUTRAL,3.3058902317861794e-06,0.015638820827007294,0.979394257068634,0.0049636526964604855
final_cleaned_google_news_final.csv,98,NEUTRAL,4.648144567909185e-06,0.040355268865823746,0.9502335786819458,0.009406532160937786
final_cleaned_google_news_final.csv,100,NEUTRAL,7.176237886596937e-06,0.47262030839920044,0.5244566202163696,0.002915874356403947
final_cleaned_google_news_final.csv,103,NEUTRAL,3.366194505360909e-06,0.030406298115849495,0.9657905101776123,0.003799902508035302
final_cleaned_google_news_final.csv,112,NEUTRAL,4.290655851946212e-06,0.021200066432356834,0.9734525084495544,0.005343202967196703
final_cleaned_google_news_final.csv,114,NEUTRAL,5.60043645236874e-06,0.16171309351921082,0.8338831663131714,0.004398101940751076
final_cleaned_google_news_final.csv,115,NEUTRAL,6.524298896692926e-06,0.17499694228172302,0.8193562626838684,0.005640250630676746
final_cleaned_google_news_final.csv,117,NEUTRAL,7.779802217555698e-06,0.11858958005905151,0.8684707283973694,0.012931989505887032
final_cleaned_google_news_final.csv,126,NEUTRAL,6.024460617481964e-06,0.152176171541214,0.8427104949951172,0.005107291974127293
final_cleaned_google_news_final.csv,136,NEUTRAL,4.650537448469549e-06,0.07477439939975739,0.9206463098526001,0.0045746187679469585
final_cleaned_google_news_final.csv,139,NEUTRAL,5.6401349866064265e-06,0.05710842087864876,0.9301792979240417,0.01270661223679781
final_cleaned_google_news_final.csv,140,NEUTRAL,6.030394615663681e-06,0.024390852078795433,0.9610576629638672,0.014545455574989319
final_cleaned_google_news_final.csv,142,NEUTRAL,3.109727231276338e-06,0.02573930099606514,0.9706683158874512,0.0035892780870199203
final_cleaned_google_news_final.csv,143,NEUTRAL,1.4391874174179975e-05,0.048745397478342056,0.9211455583572388,0.03009471669793129
final_cleaned_google_news_final.csv,146,NEUTRAL,3.991072389908368e-06,0.025374889373779297,0.9693915843963623,0.005229467526078224
final_cleaned_google_news_final.csv,152,NEUTRAL,6.121875230746809e-06,0.059721026569604874,0.9243417978286743,0.01593102514743805
final_cleaned_google_news_final.csv,156,NEUTRAL,3.64187098966795e-06,0.029197916388511658,0.9653432369232178,0.005455185193568468
final_cleaned_google_news_final.csv,158,NEUTRAL,3.535378709784709e-06,0.020090622827410698,0.9738458395004272,0.006060038227587938
final_cleaned_google_news_final.csv,160,NEUTRAL,4.4447801883507054e-06,0.024807538837194443,0.9663691520690918,0.008818868547677994
final_cleaned_google_news_final.csv,162,NEUTRAL,7.6679716585204e-06,0.13910703361034393,0.8518190383911133,0.00906627718359232
final_cleaned_google_news_final.csv,163,NEUTRAL,1.4764384104637429e-05,0.0905013158917427,0.865363597869873,0.04412032663822174
final_cleaned_google_news_final.csv,164,NEUTRAL,8.281397640530486e-06,0.2947966456413269,0.6967218518257141,0.008473202586174011
final_cleaned_google_news_final.csv,106,NEUTRAL,4.732753495773068e-06,0.04004808887839317,0.9570063948631287,0.002940842881798744
final_cleaned_google_news_final.csv,109,NEUTRAL,7.430935511365533e-06,0.03778588026762009,0.9499242305755615,0.012282432056963444
final_cleaned_google_news_final.csv,111,NEUTRAL,9.019660865305923e-06,0.3049006164073944,0.6863698363304138,0.008720547892153263
final_cleaned_google_news_final.csv,119,NEUTRAL,7.989825462573208e-06,0.06377782672643661,0.9165681004524231,0.01964607462286949
final_cleaned_google_news_final.csv,120,NEUTRAL,6.5259114307991695e-06,0.24161478877067566,0.7535756826400757,0.004802928771823645
final_cleaned_google_news_final.csv,121,NEUTRAL,8.347694347321521e-06,0.3988468050956726,0.5949916839599609,0.0061532058753073215
final_cleaned_google_news_final.csv,123,NEUTRAL,7.714923413004726e-06,0.14038623869419098,0.8456214666366577,0.013984551653265953
final_cleaned_google_news_final.csv,125,NEUTRAL,1.7029295122483745e-05,0.1436869353055954,0.8177579045295715,0.038538090884685516
final_cleaned_google_news_final.csv,128,NEUTRAL,7.602539881190751e-06,0.11103668808937073,0.8771430253982544,0.01181262917816639
final_cleaned_google_news_final.csv,134,NEUTRAL,1.2208283806103282e-05,0.2614165246486664,0.7180636525154114,0.02050752006471157
final_cleaned_google_news_final.csv,135,NEUTRAL,7.367988473561127e-06,0.11650209128856659,0.8718622922897339,0.011628256179392338
final_cleaned_google_news_final.csv,138,NEUTRAL,8.05301169748418e-06,0.0813240110874176,0.9064600467681885,0.012207848019897938
final_cleaned_google_news_final.csv,144,NEUTRAL,7.266892225743504e-06,0.07123194634914398,0.9141159653663635,0.014644786715507507
final_cleaned_google_news_final.csv,147,NEUTRAL,4.952486506226705e-06,0.048975229263305664,0.94231778383255,0.008702079765498638
final_cleaned_google_news_final.csv,153,NEUTRAL,1.198121844936395e-05,0.21487826108932495,0.7641740441322327,0.020935693755745888
final_cleaned_google_news_final.csv,154,NEUTRAL,7.705786629230715e-06,0.22820287942886353,0.766932487487793,0.004856930114328861
final_cleaned_google_news_final.csv,157,NEUTRAL,5.957597295491723e-06,0.04224098473787308,0.9493473768234253,0.008405651897192001
final_cleaned_google_news_final.csv,165,NEUTRAL,7.431025551341008e-06,0.209886372089386,0.7850154638290405,0.005090760532766581
final_cleaned_google_news_final.csv,166,NEUTRAL,7.6252149483480025e-06,0.12679816782474518,0.8676706552505493,0.005523482337594032
final_cleaned_google_news_final.csv,167,NEUTRAL,5.24442111782264e-06,0.08778467774391174,0.9084482192993164,0.003761890111491084
final_cleaned_google_news_final.csv,170,NEUTRAL,4.500664545048494e-06,0.02975013479590416,0.9680836200714111,0.0021617566235363483
final_cleaned_google_news_final.csv,172,NEUTRAL,4.500664545048494e-06,0.02975013479590416,0.9680836200714111,0.0021617566235363483
final_cleaned_google_news_final.csv,173,NEUTRAL,1.9360202713869512e-05,0.4525369107723236,0.5246323347091675,0.022811362519860268
final_cleaned_google_news_final.csv,176,NEUTRAL,7.2931338763737585e-06,0.041130583733320236,0.9371078610420227,0.021754290908575058
final_cleaned_google_news_final.csv,177,NEUTRAL,3.383934745215811e-05,0.14038611948490143,0.7636979818344116,0.09588204324245453
final_cleaned_google_news_final.csv,178,NEUTRAL,5.800332473882008e-06,0.06350705772638321,0.9233699440956116,0.013117225840687752
final_cleaned_google_news_final.csv,179,NEUTRAL,5.080916253064061e-06,0.05031013861298561,0.9408518671989441,0.008832990191876888
final_cleaned_google_news_final.csv,181,NEUTRAL,8.30733188195154e-06,0.0967211052775383,0.88372802734375,0.01954253762960434
final_cleaned_google_news_final.csv,182,NEUTRAL,2.1046365873189643e-05,0.22450973093509674,0.7621824741363525,0.013286727480590343
final_cleaned_google_news_final.csv,183,NEUTRAL,1.0103560271090828e-05,0.22190745174884796,0.7720829844474792,0.005999501328915358
final_cleaned_google_news_final.csv,186,NEUTRAL,2.007685361604672e-05,0.19418923556804657,0.7818338871002197,0.023956773802638054
final_cleaned_google_news_final.csv,189,NEUTRAL,6.482135631813435e-06,0.04225428029894829,0.9501115679740906,0.007627752609550953
final_cleaned_google_news_final.csv,168,NEUTRAL,6.296171704889275e-06,0.03778541088104248,0.9482484459877014,0.013959753327071667
final_cleaned_google_news_final.csv,169,NEUTRAL,5.646449153573485e-06,0.09649099409580231,0.893616259098053,0.009887170977890491
final_cleaned_google_news_final.csv,171,NEUTRAL,5.646449153573485e-06,0.09649099409580231,0.893616259098053,0.009887170977890491
final_cleaned_google_news_final.csv,175,NEUTRAL,3.0679414066980826e-06,0.010873121209442616,0.9880574941635132,0.0010662790155038238
final_cleaned_google_news_final.csv,184,NEUTRAL,9.057243914867286e-06,0.14494207501411438,0.8380469679832458,0.017001861706376076
final_cleaned_google_news_final.csv,188,NEUTRAL,7.191846179921413e-06,0.048322174698114395,0.9299901723861694,0.02168045938014984
final_cleaned_google_news_final.csv,191,NEUTRAL,8.79672370501794e-06,0.15899686515331268,0.8362385034561157,0.004755828995257616
final_cleaned_google_news_final.csv,193,NEUTRAL,4.8596348278806545e-06,0.033824220299720764,0.9589554071426392,0.00721548218280077
final_cleaned_google_news_final.csv,200,NEUTRAL,9.30915030039614e-06,0.09194415807723999,0.9028372764587402,0.005209237337112427
final_cleaned_google_news_final.csv,202,NEUTRAL,2.0304125428083353e-05,0.06387080252170563,0.8773345351219177,0.05877438932657242
final_cleaned_google_news_final.csv,204,NEUTRAL,5.767767106590327e-06,0.14060825109481812,0.8546711802482605,0.004714755341410637
final_cleaned_google_news_final.csv,207,NEUTRAL,6.067710273782723e-06,0.14554089307785034,0.8496495485305786,0.0048034777864813805
final_cleaned_google_news_final.csv,213,NEUTRAL,4.926610017719213e-06,0.05452655255794525,0.9390907287597656,0.0063778492622077465
final_cleaned_google_news_final.csv,214,NEUTRAL,1.1197032108611893e-05,0.0231638103723526,0.9488983750343323,0.027926601469516754
final_cleaned_google_news_final.csv,216,NEUTRAL,1.0713294614106417e-05,0.10023900121450424,0.8813143372535706,0.018435992300510406
final_cleaned_google_news_final.csv,218,NEUTRAL,7.99830650066724e-06,0.104192815721035,0.885575532913208,0.010223660618066788
final_cleaned_google_news_final.csv,220,NEUTRAL,6.891918928886298e-06,0.24248264729976654,0.7542786598205566,0.003231769660487771
final_cleaned_google_news_final.csv,221,NEUTRAL,1.5236907529470045e-05,0.1229262501001358,0.8271844387054443,0.04987405240535736
final_cleaned_google_news_final.csv,223,NEUTRAL,5.079241418570746e-06,0.09067973494529724,0.903573751449585,0.005741484463214874
final_cleaned_google_news_final.csv,224,NEUTRAL,5.74404293729458e-06,0.0249564740806818,0.9611068367958069,0.01393089722841978
final_cleaned_google_news_final.csv,225,NEUTRAL,4.138876647630241e-06,0.04375184699892998,0.9516168236732483,0.004627284128218889
final_cleaned_google_news_final.csv,227,NEUTRAL,6.919885436218465e-06,0.08128252625465393,0.9040743708610535,0.014636154286563396
final_cleaned_google_news_final.csv,230,NEUTRAL,7.80487334850477e-06,0.08022350817918777,0.9047016501426697,0.015067069791257381
final_cleaned_google_news_final.csv,231,NEUTRAL,6.382191259035608e-06,0.021477198228240013,0.9581760168075562,0.020340321585536003
final_cleaned_google_news_final.csv,233,NEUTRAL,8.499562682118267e-06,0.07321033626794815,0.9131498336791992,0.01363134104758501
final_cleaned_google_news_final.csv,235,NEUTRAL,9.540425708109979e-06,0.20345929265022278,0.7894322276115417,0.0070989904925227165
final_cleaned_google_news_final.csv,236,NEUTRAL,1.2695288205577526e-05,0.037098225206136703,0.9393923878669739,0.023496704176068306
final_cleaned_google_news_final.csv,238,NEUTRAL,7.80487334850477e-06,0.08022350817918777,0.9047016501426697,0.015067069791257381
final_cleaned_google_news_final.csv,239,NEUTRAL,4.595313384925248e-06,0.03147197514772415,0.9587532877922058,0.009770138189196587
final_cleaned_google_news_final.csv,240,NEUTRAL,3.721378107002238e-06,0.024443067610263824,0.9681687355041504,0.007384478114545345
final_cleaned_google_news_final.csv,242,NEUTRAL,7.083241143845953e-06,0.07608824968338013,0.9139410853385925,0.009963554330170155
final_cleaned_google_news_final.csv,248,NEUTRAL,1.7532727724756114e-05,0.11418350785970688,0.8615406155586243,0.024258321151137352
final_cleaned_google_news_final.csv,190,NEUTRAL,1.1856844139401801e-05,0.35869652032852173,0.6297696828842163,0.011521901935338974
final_cleaned_google_news_final.csv,194,NEUTRAL,1.7176431356347166e-05,0.13509580492973328,0.814553439617157,0.05033353716135025
final_cleaned_google_news_final.csv,195,NEUTRAL,1.175925262941746e-05,0.09589110314846039,0.8823705911636353,0.021726517006754875
final_cleaned_google_news_final.csv,196,NEUTRAL,1.0365925845690072e-05,0.40004628896713257,0.5946639776229858,0.005279465578496456
final_cleaned_google_news_final.csv,197,NEUTRAL,7.761923370708246e-06,0.042762208729982376,0.9381710886955261,0.019059043377637863
final_cleaned_google_news_final.csv,201,NEUTRAL,5.072154635854531e-06,0.06787853688001633,0.9235663414001465,0.00855004321783781
final_cleaned_google_news_final.csv,203,NEUTRAL,7.372475920419674e-06,0.09947862476110458,0.8931871056556702,0.007326902821660042
final_cleaned_google_news_final.csv,206,NEUTRAL,7.1191589086083695e-06,0.06546232849359512,0.9237454533576965,0.010785047896206379
final_cleaned_google_news_final.csv,208,NEUTRAL,8.430640264123213e-06,0.10072638839483261,0.8807562589645386,0.018509000539779663
final_cleaned_google_news_final.csv,210,NEUTRAL,8.368186172447167e-06,0.1398385763168335,0.8489601016044617,0.011192879639565945
final_cleaned_google_news_final.csv,211,NEUTRAL,7.4316940299468115e-06,0.445963054895401,0.548812747001648,0.005216764286160469
final_cleaned_google_news_final.csv,212,NEUTRAL,1.266033541469369e-05,0.07677198201417923,0.893882691860199,0.02933267503976822
final_cleaned_google_news_final.csv,215,NEUTRAL,3.751534313778393e-05,0.16387543082237244,0.7680578231811523,0.06802921742200851
final_cleaned_google_news_final.csv,219,NEUTRAL,5.329324721969897e-06,0.04244429990649223,0.9517158269882202,0.005834493320435286
final_cleaned_google_news_final.csv,222,NEUTRAL,9.252960808225907e-06,0.31254273653030396,0.6768427491188049,0.010605265386402607
final_cleaned_google_news_final.csv,226,NEUTRAL,1.0652875062078238e-05,0.24698682129383087,0.7428489327430725,0.010153613053262234
final_cleaned_google_news_final.csv,228,NEUTRAL,9.568265340931248e-06,0.06817688792943954,0.914075493812561,0.01773805357515812
final_cleaned_google_news_final.csv,232,NEUTRAL,1.3989595572638791e-05,0.13696947693824768,0.8380321264266968,0.024984432384371758
final_cleaned_google_news_final.csv,234,NEUTRAL,7.305501185328467e-06,0.03087368793785572,0.9545875191688538,0.014531461521983147
final_cleaned_google_news_final.csv,237,NEUTRAL,1.4099529835220892e-05,0.4114774167537689,0.5775996446609497,0.01090879924595356
final_cleaned_google_news_final.csv,243,NEUTRAL,8.727987733436748e-06,0.12276969105005264,0.8615021705627441,0.015719357877969742
final_cleaned_google_news_final.csv,244,NEUTRAL,7.629026185895782e-06,0.08619286119937897,0.8988397717475891,0.014959754422307014
final_cleaned_google_news_final.csv,245,NEUTRAL,1.560696000524331e-05,0.15963687002658844,0.817417323589325,0.022930243983864784
final_cleaned_google_news_final.csv,246,NEUTRAL,2.618114922370296e-05,0.13682511448860168,0.8120918273925781,0.05105695500969887
final_cleaned_google_news_final.csv,247,NEUTRAL,8.893323865777347e-06,0.030936384573578835,0.9434840083122253,0.025570733472704887
final_cleaned_google_news_final.csv,250,NEUTRAL,1.4189207831805106e-05,0.2297053337097168,0.7577779293060303,0.012502518482506275
final_cleaned_google_news_final.csv,251,NEUTRAL,8.374600838578772e-06,0.08370965719223022,0.8978474140167236,0.018434621393680573
final_cleaned_google_news_final.csv,257,NEUTRAL,7.279229976120405e-06,0.21131275594234467,0.7849321365356445,0.003747843438759446
final_cleaned_google_news_final.csv,258,NEUTRAL,6.252887487789849e-06,0.06277714669704437,0.9283415079116821,0.008875030092895031
final_cleaned_google_news_final.csv,259,NEGATIVE,1.299577888858039e-05,0.6233865022659302,0.37064340710639954,0.005957151763141155
final_cleaned_google_news_final.csv,262,NEUTRAL,5.648561455018353e-06,0.0778510645031929,0.9167747497558594,0.005368569865822792
final_cleaned_google_news_final.csv,263,NEUTRAL,1.1182984053448308e-05,0.07522665709257126,0.8765082955360413,0.0482538603246212
final_cleaned_google_news_final.csv,14,NEUTRAL,3.521180133247981e-06,0.034666888415813446,0.9591422080993652,0.006187335588037968
final_cleaned_google_news_final.csv,20,NEUTRAL,3.850291705020936e-06,0.03368799388408661,0.9565389156341553,0.009769255295395851
final_cleaned_google_news_final.csv,29,NEUTRAL,3.2434404602099676e-06,0.028349077329039574,0.9680194854736328,0.0036282178480178118
final_cleaned_google_news_final.csv,38,NEUTRAL,2.162531018257141e-06,0.0028388851787894964,0.993718147277832,0.003440770786255598
final_cleaned_google_news_final.csv,41,NEUTRAL,4.753190296469256e-06,0.05072933807969093,0.9428976774215698,0.006368241738528013
final_cleaned_google_news_final.csv,47,NEUTRAL,2.7928292638534913e-06,0.0179265309125185,0.9779784083366394,0.004092198796570301
final_cleaned_google_news_final.csv,50,NEUTRAL,4.573243131744675e-06,0.019649995490908623,0.9627129435539246,0.017632508650422096
final_cleaned_google_news_final.csv,54,NEUTRAL,4.774267836182844e-06,0.017713379114866257,0.9684107303619385,0.013871154747903347
final_cleaned_google_news_final.csv,59,NEUTRAL,4.084533884451957e-06,0.046210043132305145,0.9513403177261353,0.002445564605295658
final_cleaned_google_news_final.csv,61,NEUTRAL,3.337061798447394e-06,0.01154399011284113,0.9775511622428894,0.010901507921516895
final_cleaned_google_news_final.csv,67,NEUTRAL,3.280029659435968e-06,0.02096370793879032,0.9738657474517822,0.005167315248399973
final_cleaned_google_news_final.csv,75,NEUTRAL,4.262018137524137e-06,0.03632514923810959,0.9549747705459595,0.008695869706571102
final_cleaned_google_news_final.csv,93,NEUTRAL,4.262018137524137e-06,0.03632514923810959,0.9549747705459595,0.008695869706571102
final_cleaned_google_news_final.csv,122,NEUTRAL,5.831057023897301e-06,0.1174737736582756,0.8724997043609619,0.010020687244832516
final_cleaned_google_news_final.csv,130,NEUTRAL,6.428410870285006e-06,0.28808775544166565,0.7090150713920593,0.0028907458763569593
final_cleaned_google_news_final.csv,132,NEUTRAL,6.428410870285006e-06,0.28808775544166565,0.7090150713920593,0.0028907458763569593
final_cleaned_google_news_final.csv,148,NEUTRAL,1.1135250133520458e-05,0.027438130229711533,0.8789186477661133,0.09363207966089249
final_cleaned_google_news_final.csv,174,NEUTRAL,2.9459386041708058e-06,0.015911908820271492,0.9826368689537048,0.001448286697268486
final_cleaned_google_news_final.csv,180,NEUTRAL,3.2586106044618646e-06,0.009167601354420185,0.9877719879150391,0.0030571655370295048
final_cleaned_google_news_final.csv,187,NEUTRAL,7.86769396654563e-06,0.11763076484203339,0.8768100142478943,0.005551342386752367
final_cleaned_google_news_final.csv,205,NEUTRAL,1.4399621250049677e-05,0.20204569399356842,0.7659016251564026,0.03203821927309036
final_cleaned_google_news_final.csv,229,NEUTRAL,3.088485300395405e-06,0.025110190734267235,0.9735875129699707,0.0012991605326533318
final_cleaned_google_news_final.csv,256,NEUTRAL,2.9281832212291192e-06,0.012524205259978771,0.9847373366355896,0.002735573099926114
final_cleaned_google_news_final.csv,265,NEUTRAL,2.260897417727392e-06,0.007823482155799866,0.9911015033721924,0.0010727226035669446
final_cleaned_google_news_final.csv,270,NEUTRAL,4.473863555176649e-06,0.04926498234272003,0.9437436461448669,0.006986814085394144
final_cleaned_google_news_final.csv,274,NEUTRAL,5.106587650516303e-06,0.08407934755086899,0.912925124168396,0.0029904386028647423
final_cleaned_google_news_final.csv,280,NEUTRAL,6.151826255518245e-06,0.14839765429496765,0.8448600769042969,0.006736094132065773
final_cleaned_google_news_final.csv,281,NEUTRAL,2.3600689473823877e-06,0.006938342470675707,0.9894726872444153,0.00358655396848917
final_cleaned_google_news_final.csv,282,NEUTRAL,3.4612735362316016e-06,0.008885243907570839,0.9848885536193848,0.006222823169082403
final_cleaned_google_news_final.csv,294,NEUTRAL,4.084533884451957e-06,0.046210043132305145,0.9513403177261353,0.002445564605295658
final_cleaned_google_news_final.csv,299,NEUTRAL,2.8486058454291197e-06,0.009678613394498825,0.9852814078330994,0.005037219729274511
final_cleaned_google_news_final.csv,302,NEUTRAL,4.8323386181436945e-06,0.036014072597026825,0.9531325101852417,0.010848495177924633
final_cleaned_google_news_final.csv,249,NEUTRAL,8.574541425332427e-06,0.06763668358325958,0.9119935631752014,0.020361119881272316
final_cleaned_google_news_final.csv,252,NEUTRAL,3.895258942065993e-06,0.012822339311242104,0.9810464978218079,0.006127296481281519
final_cleaned_google_news_final.csv,254,NEUTRAL,3.602812739700312e-06,0.013187752105295658,0.9781966805458069,0.008611940778791904
final_cleaned_google_news_final.csv,255,NEUTRAL,4.1744006011867896e-06,0.024855855852365494,0.9676757454872131,0.007464248221367598
final_cleaned_google_news_final.csv,260,NEUTRAL,5.978090030112071e-06,0.0718521773815155,0.9213635921478271,0.006778364069759846
final_cleaned_google_news_final.csv,261,NEUTRAL,5.955697815807071e-06,0.032889220863580704,0.9450680017471313,0.022036822512745857
final_cleaned_google_news_final.csv,264,NEUTRAL,1.2082260582246818e-05,0.05715952441096306,0.9144281148910522,0.028400275856256485
final_cleaned_google_news_final.csv,266,NEUTRAL,8.655147212266456e-06,0.35905921459198,0.6337851881980896,0.007146946154534817
final_cleaned_google_news_final.csv,267,NEUTRAL,4.379947313282173e-06,0.021739521995186806,0.9708608984947205,0.00739522697404027
final_cleaned_google_news_final.csv,268,NEUTRAL,4.450087999430252e-06,0.024297643452882767,0.9651869535446167,0.010510860942304134
final_cleaned_google_news_final.csv,269,NEUTRAL,1.4806814760959242e-05,0.05531837418675423,0.9097060561180115,0.03496073558926582
final_cleaned_google_news_final.csv,271,NEUTRAL,4.517531579040224e-06,0.07627458870410919,0.9202472567558289,0.003473615739494562
final_cleaned_google_news_final.csv,272,NEUTRAL,3.1240881526173325e-06,0.019104130566120148,0.9771375060081482,0.0037552290596067905
final_cleaned_google_news_final.csv,275,NEUTRAL,4.77663570563891e-06,0.037747859954833984,0.9495775699615479,0.012669880874454975
final_cleaned_google_news_final.csv,276,NEUTRAL,3.827872205874883e-06,0.029722079634666443,0.9663686156272888,0.003905481891706586
final_cleaned_google_news_final.csv,278,NEUTRAL,6.617292001465103e-06,0.033699627965688705,0.9453201293945312,0.02097366377711296
final_cleaned_google_news_final.csv,279,NEUTRAL,3.523254690662725e-06,0.02459263801574707,0.9705016016960144,0.004902270622551441
final_cleaned_google_news_final.csv,286,NEUTRAL,3.956854470743565e-06,0.013004408217966557,0.9757739901542664,0.011217596009373665
final_cleaned_google_news_final.csv,292,NEUTRAL,3.0320863970700884e-06,0.015344064682722092,0.9807865023612976,0.0038664245512336493
final_cleaned_google_news_final.csv,300,NEUTRAL,1.1658312359941192e-05,0.18288201093673706,0.8063822984695435,0.010724036954343319
final_cleaned_google_news_final.csv,301,NEUTRAL,5.829129349876894e-06,0.06812658905982971,0.9192718863487244,0.01259572897106409
final_cleaned_google_news_final.csv,303,NEUTRAL,3.1018505524116335e-06,0.01797562837600708,0.9788008332252502,0.003220358630642295
final_cleaned_google_news_final.csv,305,NEUTRAL,4.104567778995261e-06,0.03776601701974869,0.9533433318138123,0.008886543102562428
final_cleaned_google_news_final.csv,311,NEUTRAL,6.567743184859864e-06,0.027042899280786514,0.9583120942115784,0.01463845744729042
final_cleaned_google_news_final.csv,314,NEUTRAL,3.4780789519572863e-06,0.018786681815981865,0.9775660037994385,0.003643899457529187
final_cleaned_google_news_final.csv,315,NEUTRAL,1.0672350981622003e-05,0.31760743260383606,0.6746646165847778,0.007717229425907135
final_cleaned_google_news_final.csv,327,NEUTRAL,2.878078248613747e-06,0.02203069068491459,0.9756776094436646,0.002288792049512267
final_cleaned_google_news_final.csv,328,NEUTRAL,4.4074140532757156e-06,0.03396889567375183,0.9575672745704651,0.008459366858005524
final_cleaned_google_news_final.csv,329,NEUTRAL,4.671531769417925e-06,0.044835008680820465,0.9481140971183777,0.007046339567750692
final_cleaned_google_news_final.csv,330,NEUTRAL,5.877719104319112e-06,0.2289525866508484,0.7669914960861206,0.004050083924084902
final_cleaned_google_news_final.csv,332,NEUTRAL,4.236909262544941e-06,0.025002073496580124,0.9661038517951965,0.008889812044799328
final_cleaned_google_news_final.csv,333,NEUTRAL,7.1865042627905495e-06,0.1448407918214798,0.8508234620094299,0.004328585229814053
final_cleaned_google_news_final.csv,277,NEUTRAL,8.926697773858905e-06,0.2946128845214844,0.700996458530426,0.004381728824228048
final_cleaned_google_news_final.csv,283,NEUTRAL,8.925740075937938e-06,0.07057256996631622,0.9151087403297424,0.014309752732515335
final_cleaned_google_news_final.csv,284,NEUTRAL,3.592644861782901e-05,0.30593904852867126,0.6497535109519958,0.044271450489759445
final_cleaned_google_news_final.csv,285,NEUTRAL,1.0859285794140305e-05,0.1870879828929901,0.7985376119613647,0.014363576658070087
final_cleaned_google_news_final.csv,287,NEUTRAL,2.5116665710811503e-05,0.16772238910198212,0.8045064210891724,0.027746060863137245
final_cleaned_google_news_final.csv,289,NEUTRAL,5.783324468211504e-06,0.06690193712711334,0.927012026309967,0.006080267019569874
final_cleaned_google_news_final.csv,293,NEUTRAL,5.24442111782264e-06,0.08778467774391174,0.9084482192993164,0.003761890111491084
final_cleaned_google_news_final.csv,295,NEUTRAL,9.04122043721145e-06,0.16291409730911255,0.8288660645484924,0.00821069348603487
final_cleaned_google_news_final.csv,296,NEUTRAL,9.430863428860903e-06,0.07754799723625183,0.9030688405036926,0.019373664632439613
final_cleaned_google_news_final.csv,297,NEUTRAL,4.845301191380713e-06,0.051061224192380905,0.9413260221481323,0.007607903331518173
final_cleaned_google_news_final.csv,306,NEUTRAL,7.5363609539635945e-06,0.2635670006275177,0.7306237816810608,0.005801680963486433
final_cleaned_google_news_final.csv,308,NEUTRAL,7.414409992634319e-06,0.23123261332511902,0.7642350792884827,0.004524909891188145
final_cleaned_google_news_final.csv,312,NEUTRAL,6.494502486020792e-06,0.23230981826782227,0.7611414790153503,0.006542176008224487
final_cleaned_google_news_final.csv,318,NEUTRAL,5.492305263032904e-06,0.06227555498480797,0.9294538497924805,0.00826506968587637
final_cleaned_google_news_final.csv,319,NEUTRAL,6.009996923239669e-06,0.09430553019046783,0.8958548307418823,0.009833669289946556
final_cleaned_google_news_final.csv,320,NEUTRAL,8.125318345264532e-06,0.07574163377285004,0.9154515862464905,0.008798649534583092
final_cleaned_google_news_final.csv,321,NEUTRAL,8.940020961745176e-06,0.22453559935092926,0.770912230014801,0.004543247167021036
final_cleaned_google_news_final.csv,322,NEUTRAL,1.7497115550213493e-05,0.26216766238212585,0.7155513167381287,0.02226349152624607
final_cleaned_google_news_final.csv,323,NEUTRAL,5.492305263032904e-06,0.06227555498480797,0.9294538497924805,0.00826506968587637
final_cleaned_google_news_final.csv,325,NEUTRAL,6.113712515798397e-06,0.07612720131874084,0.916410505771637,0.007456186227500439
final_cleaned_google_news_final.csv,326,NEUTRAL,8.898219675756991e-06,0.34430992603302,0.6499398350715637,0.0057413820177316666
final_cleaned_google_news_final.csv,331,NEUTRAL,4.293613983463729e-06,0.026377474889159203,0.9647389650344849,0.008879296481609344
final_cleaned_google_news_final.csv,337,NEUTRAL,9.694691470940597e-06,0.07200977206230164,0.9092286229133606,0.01875191181898117
final_cleaned_google_news_final.csv,339,NEUTRAL,3.883320914610522e-06,0.034136876463890076,0.9602577090263367,0.005601453594863415
final_cleaned_google_news_final.csv,345,NEUTRAL,1.5386502127512358e-05,0.08987317234277725,0.8860994577407837,0.02401197887957096
final_cleaned_google_news_final.csv,346,NEUTRAL,1.2840365343436133e-05,0.21910360455513,0.7668917179107666,0.013991870917379856
final_cleaned_google_news_final.csv,352,NEUTRAL,4.574914328259183e-06,0.054898809641599655,0.9398981332778931,0.005198459606617689
final_cleaned_google_news_final.csv,353,NEUTRAL,6.198543815116864e-06,0.1420208066701889,0.8532950282096863,0.004677918739616871
final_cleaned_google_news_final.csv,354,NEUTRAL,7.2721222750260495e-06,0.06249551102519035,0.9218798875808716,0.015617349185049534
final_cleaned_google_news_final.csv,357,NEUTRAL,7.898802323325071e-06,0.0923973023891449,0.8977278470993042,0.009866886772215366
final_cleaned_google_news_final.csv,358,NEUTRAL,3.0541623345925473e-06,0.02574768476188183,0.9709650874137878,0.003284215461462736
final_cleaned_google_news_final.csv,359,NEUTRAL,6.395800937752938e-06,0.14938826858997345,0.8454838395118713,0.005121554713696241
final_cleaned_google_news_final.csv,185,NEUTRAL,8.737615644349717e-06,0.09507174044847488,0.8926386833190918,0.01228086557239294
final_cleaned_google_news_final.csv,192,NEUTRAL,1.1380291653040331e-05,0.45968255400657654,0.5321370363235474,0.008169123902916908
final_cleaned_google_news_final.csv,198,NEUTRAL,1.4611911865358707e-05,0.08261382579803467,0.8807339668273926,0.036637645214796066
final_cleaned_google_news_final.csv,199,NEUTRAL,5.028903251513839e-05,0.06759670376777649,0.8387267589569092,0.09362621605396271
final_cleaned_google_news_final.csv,209,NEUTRAL,1.3327549822861329e-05,0.05155361443758011,0.9116991758346558,0.036733802407979965
final_cleaned_google_news_final.csv,217,NEUTRAL,1.3217661944509018e-05,0.25501808524131775,0.7300980687141418,0.014870584942400455
final_cleaned_google_news_final.csv,241,NEUTRAL,9.207608854922e-06,0.08245918154716492,0.9037811160087585,0.013750539161264896
final_cleaned_google_news_final.csv,253,NEUTRAL,1.4570206985808909e-05,0.3011187016963959,0.6849677562713623,0.013899079523980618
final_cleaned_google_news_final.csv,273,NEUTRAL,9.878990567813162e-06,0.29506683349609375,0.6986256837844849,0.006297565530985594
final_cleaned_google_news_final.csv,290,NEUTRAL,1.2030584002786782e-05,0.20592942833900452,0.77447509765625,0.019583411514759064
final_cleaned_google_news_final.csv,291,NEUTRAL,1.3916922398493625e-05,0.23378315567970276,0.7429012656211853,0.023301605135202408
final_cleaned_google_news_final.csv,298,NEUTRAL,9.268790563510265e-06,0.08447951078414917,0.8906304836273193,0.024880817160010338
final_cleaned_google_news_final.csv,310,NEUTRAL,8.181898920156527e-06,0.20372766256332397,0.78754723072052,0.008716994896531105
final_cleaned_google_news_final.csv,313,NEUTRAL,2.181275704060681e-05,0.10155880451202393,0.8663275241851807,0.03209180384874344
final_cleaned_google_news_final.csv,316,NEUTRAL,1.484961285314057e-05,0.27857542037963867,0.7042341828346252,0.01717556081712246
final_cleaned_google_news_final.csv,317,NEUTRAL,1.732263990561478e-05,0.4502166509628296,0.5366798043251038,0.013086176477372646
final_cleaned_google_news_final.csv,334,NEUTRAL,1.5942925529088825e-05,0.15936271846294403,0.8068228960037231,0.033798377960920334
final_cleaned_google_news_final.csv,360,NEUTRAL,9.09938353288453e-06,0.2927020490169525,0.693571925163269,0.013717000372707844
final_cleaned_google_news_final.csv,336,NEGATIVE,8.135427378874738e-06,0.5187198519706726,0.4775654077529907,0.0037066179793328047
final_cleaned_google_news_final.csv,338,NEUTRAL,6.872643098176923e-06,0.17923222482204437,0.8185479044914246,0.0022130203433334827
final_cleaned_google_news_final.csv,340,NEUTRAL,4.447642822924536e-06,0.040332622826099396,0.9555590152740479,0.00410392927005887
final_cleaned_google_news_final.csv,341,NEUTRAL,4.447642822924536e-06,0.040332622826099396,0.9555590152740479,0.00410392927005887
final_cleaned_google_news_final.csv,343,NEUTRAL,3.3159742542920867e-06,0.024892808869481087,0.973105788230896,0.0019979747012257576
final_cleaned_google_news_final.csv,344,NEUTRAL,5.116078227729304e-06,0.04212401434779167,0.9513629078865051,0.006507938727736473
final_cleaned_google_news_final.csv,347,NEUTRAL,5.345913450582884e-06,0.027303989976644516,0.9643025994300842,0.008388055488467216
final_cleaned_google_news_final.csv,348,NEUTRAL,7.043732694000937e-06,0.09491909295320511,0.8981984853744507,0.006875327322632074
final_cleaned_google_news_final.csv,349,NEGATIVE,8.058553248702083e-06,0.6490665674209595,0.34751614928245544,0.0034093132708221674
final_cleaned_google_news_final.csv,355,NEUTRAL,7.9203628047253e-06,0.3848734498023987,0.6130702495574951,0.0020484854467213154
final_cleaned_google_news_final.csv,356,NEUTRAL,5.175227670406457e-06,0.0701945498585701,0.9235899448394775,0.006210329942405224
final_cleaned_google_news_final.csv,304,NEUTRAL,2.7168755423190305e-06,0.006464975420385599,0.9912443161010742,0.002287972951307893
final_cleaned_google_news_final.csv,307,NEUTRAL,4.6961454245320056e-06,0.05072465538978577,0.9470734000205994,0.002197152003645897
final_cleaned_google_news_final.csv,309,NEUTRAL,3.7619684007950127e-06,0.018788276240229607,0.979671061038971,0.0015369565226137638
final_cleaned_google_news_final.csv,324,NEUTRAL,3.887850198225351e-06,0.03806455060839653,0.95445317029953,0.007478418760001659
final_cleaned_google_news_final.csv,335,NEUTRAL,5.818289537273813e-06,0.2752140760421753,0.7198926210403442,0.004887462593615055
final_cleaned_google_news_final.csv,342,NEUTRAL,3.937225301342551e-06,0.02889321930706501,0.9640207886695862,0.007082043215632439
final_cleaned_google_news_final.csv,350,NEUTRAL,3.6947101307305275e-06,0.027526799589395523,0.9681988954544067,0.004270612262189388
final_cleaned_google_news_final.csv,351,NEUTRAL,2.693097712835879e-06,0.014912082813680172,0.9825924634933472,0.0024927854537963867
final_cleaned_google_news_final.csv,69,NEUTRAL,3.202778088962077e-06,0.026322277262806892,0.9709495306015015,0.002724975813180208
final_cleaned_google_news_final.csv,137,NEUTRAL,2.0984819002478616e-06,0.00658818706870079,0.9918429255485535,0.001566768391057849
final_cleaned_google_news_final.csv,288,NEUTRAL,3.033809207408922e-06,0.007847928442060947,0.9886916875839233,0.003457264741882682
final_cleaned_google_news_final.csv,0,NEUTRAL,4.1929826693376526e-05,0.0003029483195859939,0.9978322386741638,0.0018228874541819096
